name	type	units	low_cutoff	high_cutoff	sampling_frequency	group	status	status_description	description
I01	SEEG	µV	n/a	n/a	4096.0	I	good	n/a	ADES type SEEG
I02	SEEG	µV	n/a	n/a	4096.0	I	good	n/a	ADES type SEEG
I03	SEEG	µV	n/a	n/a	4096.0	I	bad	listed in the authors' AnyWave .ades.bad file	ADES type SEEG
I04	SEEG	µV	n/a	n/a	4096.0	I	bad	listed in the authors' AnyWave .ades.bad file	ADES type SEEG
I05	SEEG	µV	n/a	n/a	4096.0	I	bad	listed in the authors' AnyWave .ades.bad file	ADES type SEEG
I09	SEEG	µV	n/a	n/a	4096.0	I	good	n/a	ADES type SEEG
I10	SEEG	µV	n/a	n/a	4096.0	I	good	n/a	ADES type SEEG
I11	SEEG	µV	n/a	n/a	4096.0	I	bad	listed in the authors' AnyWave .ades.bad file	ADES type SEEG
A01	SEEG	µV	n/a	n/a	4096.0	A	bad	listed in the authors' AnyWave .ades.bad file	ADES type SEEG
A02	SEEG	µV	n/a	n/a	4096.0	A	bad	listed in the authors' AnyWave .ades.bad file	ADES type SEEG
A03	SEEG	µV	n/a	n/a	4096.0	A	good	n/a	ADES type SEEG
A04	SEEG	µV	n/a	n/a	4096.0	A	bad	listed in the authors' AnyWave .ades.bad file	ADES type SEEG
A06	SEEG	µV	n/a	n/a	4096.0	A	bad	listed in the authors' AnyWave .ades.bad file	ADES type SEEG
A07	SEEG	µV	n/a	n/a	4096.0	A	good	n/a	ADES type SEEG
A08	SEEG	µV	n/a	n/a	4096.0	A	good	n/a	ADES type SEEG
A09	SEEG	µV	n/a	n/a	4096.0	A	bad	listed in the authors' AnyWave .ades.bad file	ADES type SEEG
A10	SEEG	µV	n/a	n/a	4096.0	A	bad	listed in the authors' AnyWave .ades.bad file	ADES type SEEG
A11	SEEG	µV	n/a	n/a	4096.0	A	bad	listed in the authors' AnyWave .ades.bad file	ADES type SEEG
A12	SEEG	µV	n/a	n/a	4096.0	A	good	n/a	ADES type SEEG
A13	SEEG	µV	n/a	n/a	4096.0	A	good	n/a	ADES type SEEG
A14	SEEG	µV	n/a	n/a	4096.0	A	bad	listed in the authors' AnyWave .ades.bad file	ADES type SEEG
B01	SEEG	µV	n/a	n/a	4096.0	B	good	n/a	ADES type SEEG
B02	SEEG	µV	n/a	n/a	4096.0	B	good	n/a	ADES type SEEG
B03	SEEG	µV	n/a	n/a	4096.0	B	bad	listed in the authors' AnyWave .ades.bad file	ADES type SEEG
B04	SEEG	µV	n/a	n/a	4096.0	B	bad	listed in the authors' AnyWave .ades.bad file	ADES type SEEG
B05	SEEG	µV	n/a	n/a	4096.0	B	bad	listed in the authors' AnyWave .ades.bad file	ADES type SEEG
B06	SEEG	µV	n/a	n/a	4096.0	B	bad	listed in the authors' AnyWave .ades.bad file	ADES type SEEG
B07	SEEG	µV	n/a	n/a	4096.0	B	bad	listed in the authors' AnyWave .ades.bad file	ADES type SEEG
B08	SEEG	µV	n/a	n/a	4096.0	B	good	n/a	ADES type SEEG
B09	SEEG	µV	n/a	n/a	4096.0	B	bad	listed in the authors' AnyWave .ades.bad file	ADES type SEEG
B10	SEEG	µV	n/a	n/a	4096.0	B	good	n/a	ADES type SEEG
B11	SEEG	µV	n/a	n/a	4096.0	B	good	n/a	ADES type SEEG
B12	SEEG	µV	n/a	n/a	4096.0	B	bad	listed in the authors' AnyWave .ades.bad file	ADES type SEEG
C03	SEEG	µV	n/a	n/a	4096.0	C	bad	listed in the authors' AnyWave .ades.bad file	ADES type SEEG
C04	SEEG	µV	n/a	n/a	4096.0	C	good	n/a	ADES type SEEG
C05	SEEG	µV	n/a	n/a	4096.0	C	good	n/a	ADES type SEEG
C06	SEEG	µV	n/a	n/a	4096.0	C	bad	listed in the authors' AnyWave .ades.bad file	ADES type SEEG
C09	SEEG	µV	n/a	n/a	4096.0	C	bad	listed in the authors' AnyWave .ades.bad file	ADES type SEEG
C10	SEEG	µV	n/a	n/a	4096.0	C	bad	listed in the authors' AnyWave .ades.bad file	ADES type SEEG
C11	SEEG	µV	n/a	n/a	4096.0	C	good	n/a	ADES type SEEG
C12	SEEG	µV	n/a	n/a	4096.0	C	good	n/a	ADES type SEEG
F01	SEEG	µV	n/a	n/a	4096.0	F	good	n/a	ADES type SEEG
F02	SEEG	µV	n/a	n/a	4096.0	F	good	n/a	ADES type SEEG
F03	SEEG	µV	n/a	n/a	4096.0	F	bad	listed in the authors' AnyWave .ades.bad file	ADES type SEEG
F04	SEEG	µV	n/a	n/a	4096.0	F	good	n/a	ADES type SEEG
F05	SEEG	µV	n/a	n/a	4096.0	F	good	n/a	ADES type SEEG
F06	SEEG	µV	n/a	n/a	4096.0	F	bad	listed in the authors' AnyWave .ades.bad file	ADES type SEEG
F07	SEEG	µV	n/a	n/a	4096.0	F	bad	listed in the authors' AnyWave .ades.bad file	ADES type SEEG
F08	SEEG	µV	n/a	n/a	4096.0	F	bad	listed in the authors' AnyWave .ades.bad file	ADES type SEEG
F09	SEEG	µV	n/a	n/a	4096.0	F	good	n/a	ADES type SEEG
F10	SEEG	µV	n/a	n/a	4096.0	F	good	n/a	ADES type SEEG
F11	SEEG	µV	n/a	n/a	4096.0	F	bad	listed in the authors' AnyWave .ades.bad file	ADES type SEEG
F12	SEEG	µV	n/a	n/a	4096.0	F	bad	listed in the authors' AnyWave .ades.bad file	ADES type SEEG
L01	SEEG	µV	n/a	n/a	4096.0	L	good	n/a	ADES type SEEG
L02	SEEG	µV	n/a	n/a	4096.0	L	good	n/a	ADES type SEEG
L03	SEEG	µV	n/a	n/a	4096.0	L	bad	listed in the authors' AnyWave .ades.bad file	ADES type SEEG
L04	SEEG	µV	n/a	n/a	4096.0	L	good	n/a	ADES type SEEG
L05	SEEG	µV	n/a	n/a	4096.0	L	good	n/a	ADES type SEEG
L06	SEEG	µV	n/a	n/a	4096.0	L	bad	listed in the authors' AnyWave .ades.bad file	ADES type SEEG
L13	SEEG	µV	n/a	n/a	4096.0	L	good	n/a	ADES type SEEG
L14	SEEG	µV	n/a	n/a	4096.0	L	good	n/a	ADES type SEEG
L15	SEEG	µV	n/a	n/a	4096.0	L	bad	listed in the authors' AnyWave .ades.bad file	ADES type SEEG
D01	SEEG	µV	n/a	n/a	4096.0	D	bad	listed in the authors' AnyWave .ades.bad file	ADES type SEEG
D02	SEEG	µV	n/a	n/a	4096.0	D	bad	listed in the authors' AnyWave .ades.bad file	ADES type SEEG
D03	SEEG	µV	n/a	n/a	4096.0	D	good	n/a	ADES type SEEG
D04	SEEG	µV	n/a	n/a	4096.0	D	good	n/a	ADES type SEEG
D05	SEEG	µV	n/a	n/a	4096.0	D	bad	listed in the authors' AnyWave .ades.bad file	ADES type SEEG
D06	SEEG	µV	n/a	n/a	4096.0	D	bad	listed in the authors' AnyWave .ades.bad file	ADES type SEEG
D07	SEEG	µV	n/a	n/a	4096.0	D	bad	listed in the authors' AnyWave .ades.bad file	ADES type SEEG
D08	SEEG	µV	n/a	n/a	4096.0	D	bad	listed in the authors' AnyWave .ades.bad file	ADES type SEEG
D09	SEEG	µV	n/a	n/a	4096.0	D	bad	listed in the authors' AnyWave .ades.bad file	ADES type SEEG
D10	SEEG	µV	n/a	n/a	4096.0	D	bad	listed in the authors' AnyWave .ades.bad file	ADES type SEEG
D11	SEEG	µV	n/a	n/a	4096.0	D	bad	listed in the authors' AnyWave .ades.bad file	ADES type SEEG
D12	SEEG	µV	n/a	n/a	4096.0	D	bad	listed in the authors' AnyWave .ades.bad file	ADES type SEEG
D13	SEEG	µV	n/a	n/a	4096.0	D	bad	listed in the authors' AnyWave .ades.bad file	ADES type SEEG
U01	SEEG	µV	n/a	n/a	4096.0	U	bad	listed in the authors' AnyWave .ades.bad file	ADES type SEEG
U02	SEEG	µV	n/a	n/a	4096.0	U	bad	listed in the authors' AnyWave .ades.bad file	ADES type SEEG
U09	SEEG	µV	n/a	n/a	4096.0	U	good	n/a	ADES type SEEG
U10	SEEG	µV	n/a	n/a	4096.0	U	good	n/a	ADES type SEEG
S01	SEEG	µV	n/a	n/a	4096.0	S	good	n/a	ADES type SEEG
S02	SEEG	µV	n/a	n/a	4096.0	S	good	n/a	ADES type SEEG
S03	SEEG	µV	n/a	n/a	4096.0	S	bad	listed in the authors' AnyWave .ades.bad file	ADES type SEEG
S04	SEEG	µV	n/a	n/a	4096.0	S	bad	listed in the authors' AnyWave .ades.bad file	ADES type SEEG
S05	SEEG	µV	n/a	n/a	4096.0	S	bad	listed in the authors' AnyWave .ades.bad file	ADES type SEEG
S06	SEEG	µV	n/a	n/a	4096.0	S	bad	listed in the authors' AnyWave .ades.bad file	ADES type SEEG
S07	SEEG	µV	n/a	n/a	4096.0	S	bad	listed in the authors' AnyWave .ades.bad file	ADES type SEEG
S13	SEEG	µV	n/a	n/a	4096.0	S	good	n/a	ADES type SEEG
S14	SEEG	µV	n/a	n/a	4096.0	S	good	n/a	ADES type SEEG
S15	SEEG	µV	n/a	n/a	4096.0	S	good	n/a	ADES type SEEG
C90	SEEG	µV	n/a	n/a	4096.0	C	bad	listed in the authors' AnyWave .ades.bad file	ADES type SEEG
Q01	SEEG	µV	n/a	n/a	4096.0	Q	good	n/a	ADES type SEEG
Q02	SEEG	µV	n/a	n/a	4096.0	Q	good	n/a	ADES type SEEG
Q03	SEEG	µV	n/a	n/a	4096.0	Q	bad	listed in the authors' AnyWave .ades.bad file	ADES type SEEG
Q05	SEEG	µV	n/a	n/a	4096.0	Q	bad	listed in the authors' AnyWave .ades.bad file	ADES type SEEG
Q06	SEEG	µV	n/a	n/a	4096.0	Q	bad	listed in the authors' AnyWave .ades.bad file	ADES type SEEG
Q07	SEEG	µV	n/a	n/a	4096.0	Q	bad	listed in the authors' AnyWave .ades.bad file	ADES type SEEG
Q17	SEEG	µV	n/a	n/a	4096.0	Q	good	n/a	ADES type SEEG
Q18	SEEG	µV	n/a	n/a	4096.0	Q	good	n/a	ADES type SEEG
K01	SEEG	µV	n/a	n/a	4096.0	K	good	n/a	ADES type SEEG
K02	SEEG	µV	n/a	n/a	4096.0	K	good	n/a	ADES type SEEG
K04	SEEG	µV	n/a	n/a	4096.0	K	bad	listed in the authors' AnyWave .ades.bad file	ADES type SEEG
K05	SEEG	µV	n/a	n/a	4096.0	K	good	n/a	ADES type SEEG
K06	SEEG	µV	n/a	n/a	4096.0	K	good	n/a	ADES type SEEG
K12	SEEG	µV	n/a	n/a	4096.0	K	good	n/a	ADES type SEEG
K13	SEEG	µV	n/a	n/a	4096.0	K	good	n/a	ADES type SEEG
K14	SEEG	µV	n/a	n/a	4096.0	K	bad	listed in the authors' AnyWave .ades.bad file	ADES type SEEG
K15	SEEG	µV	n/a	n/a	4096.0	K	good	n/a	ADES type SEEG
K16	SEEG	µV	n/a	n/a	4096.0	K	good	n/a	ADES type SEEG
R01	SEEG	µV	n/a	n/a	4096.0	R	good	n/a	ADES type SEEG
R02	SEEG	µV	n/a	n/a	4096.0	R	good	n/a	ADES type SEEG
R03	SEEG	µV	n/a	n/a	4096.0	R	bad	listed in the authors' AnyWave .ades.bad file	ADES type SEEG
R09	SEEG	µV	n/a	n/a	4096.0	R	good	n/a	ADES type SEEG
R10	SEEG	µV	n/a	n/a	4096.0	R	good	n/a	ADES type SEEG
R11	SEEG	µV	n/a	n/a	4096.0	R	bad	listed in the authors' AnyWave .ades.bad file	ADES type SEEG
P01	SEEG	µV	n/a	n/a	4096.0	P	good	n/a	ADES type SEEG
P02	SEEG	µV	n/a	n/a	4096.0	P	good	n/a	ADES type SEEG
P03	SEEG	µV	n/a	n/a	4096.0	P	bad	listed in the authors' AnyWave .ades.bad file	ADES type SEEG
P04	SEEG	µV	n/a	n/a	4096.0	P	bad	listed in the authors' AnyWave .ades.bad file	ADES type SEEG
P12	SEEG	µV	n/a	n/a	4096.0	P	good	n/a	ADES type SEEG
P13	SEEG	µV	n/a	n/a	4096.0	P	good	n/a	ADES type SEEG
Y'01	SEEG	µV	n/a	n/a	4096.0	Y'	good	n/a	ADES type SEEG
Y'02	SEEG	µV	n/a	n/a	4096.0	Y'	good	n/a	ADES type SEEG
Y'03	SEEG	µV	n/a	n/a	4096.0	Y'	bad	listed in the authors' AnyWave .ades.bad file	ADES type SEEG
Y'04	SEEG	µV	n/a	n/a	4096.0	Y'	bad	listed in the authors' AnyWave .ades.bad file	ADES type SEEG
F'01	SEEG	µV	n/a	n/a	4096.0	F'	good	n/a	ADES type SEEG
F'02	SEEG	µV	n/a	n/a	4096.0	F'	good	n/a	ADES type SEEG
F'11	SEEG	µV	n/a	n/a	4096.0	F'	good	n/a	ADES type SEEG
F'12	SEEG	µV	n/a	n/a	4096.0	F'	good	n/a	ADES type SEEG
DC01	MISC	n/a	n/a	n/a	4096.0	n/a	bad	listed in the authors' AnyWave .ades.bad file	ADES type OTHER
DC02	MISC	n/a	n/a	n/a	4096.0	n/a	bad	listed in the authors' AnyWave .ades.bad file	ADES type OTHER
DC03	MISC	n/a	n/a	n/a	4096.0	n/a	bad	listed in the authors' AnyWave .ades.bad file	ADES type OTHER
DC04	MISC	n/a	n/a	n/a	4096.0	n/a	bad	listed in the authors' AnyWave .ades.bad file	ADES type OTHER
DC05	MISC	n/a	n/a	n/a	4096.0	n/a	bad	listed in the authors' AnyWave .ades.bad file	ADES type OTHER
DC06	MISC	n/a	n/a	n/a	4096.0	n/a	bad	listed in the authors' AnyWave .ades.bad file	ADES type OTHER
DC07	MISC	n/a	n/a	n/a	4096.0	n/a	bad	listed in the authors' AnyWave .ades.bad file	ADES type OTHER
DC08	MISC	n/a	n/a	n/a	4096.0	n/a	bad	listed in the authors' AnyWave .ades.bad file	ADES type OTHER
DC09	MISC	n/a	n/a	n/a	4096.0	n/a	bad	listed in the authors' AnyWave .ades.bad file	ADES type OTHER
DC10	MISC	n/a	n/a	n/a	4096.0	n/a	bad	listed in the authors' AnyWave .ades.bad file	ADES type OTHER
DC11	MISC	n/a	n/a	n/a	4096.0	n/a	bad	listed in the authors' AnyWave .ades.bad file	ADES type OTHER
DC12	MISC	n/a	n/a	n/a	4096.0	n/a	bad	listed in the authors' AnyWave .ades.bad file	ADES type OTHER
DC13	MISC	n/a	n/a	n/a	4096.0	n/a	bad	listed in the authors' AnyWave .ades.bad file	ADES type OTHER
DC14	MISC	n/a	n/a	n/a	4096.0	n/a	bad	listed in the authors' AnyWave .ades.bad file	ADES type OTHER
DC15	MISC	n/a	n/a	n/a	4096.0	n/a	bad	listed in the authors' AnyWave .ades.bad file	ADES type OTHER
DC16	MISC	n/a	n/a	n/a	4096.0	n/a	bad	listed in the authors' AnyWave .ades.bad file	ADES type OTHER
TRIG	TRIG	n/a	n/a	n/a	4096.0	n/a	bad	listed in the authors' AnyWave .ades.bad file	ADES type TRIGGER
OSAT	MISC	n/a	n/a	n/a	4096.0	n/a	bad	listed in the authors' AnyWave .ades.bad file	ADES type SEEG; physiological monitor channel typed SEEG in the ADES header
PR	MISC	n/a	n/a	n/a	4096.0	n/a	bad	listed in the authors' AnyWave .ades.bad file	ADES type SEEG; physiological monitor channel typed SEEG in the ADES header
Pleth	MISC	n/a	n/a	n/a	4096.0	n/a	bad	listed in the authors' AnyWave .ades.bad file	ADES type SEEG; physiological monitor channel typed SEEG in the ADES header
