name	x	y	z	size	type	group	hemisphere	freesurfer_label
I01	24.599233	23.453783	-19.758821	n/a	depth	I	R	ctx-rh-temporalpole
I02	27.893302	22.759278	-18.801339	n/a	depth	I	R	Right-Cerebral-White-Matter
I03	31.187372	22.064774	-17.843857	n/a	depth	I	R	Right-Cerebral-White-Matter
I04	34.481441	21.370270	-16.886374	n/a	depth	I	R	Right-Cerebral-White-Matter
I05	37.775510	20.675765	-15.928892	n/a	depth	I	R	Right-Cerebral-White-Matter
I06	41.069579	19.981261	-14.971410	n/a	depth	I	R	Right-Cerebral-White-Matter
I07	44.363648	19.286756	-14.013928	n/a	depth	I	R	Right-Cerebral-White-Matter
I08	47.657718	18.592252	-13.056446	n/a	depth	I	R	Right-Cerebral-White-Matter
I09	50.951787	17.897748	-12.098964	n/a	depth	I	R	Right-Cerebral-White-Matter
I10	54.245856	17.203243	-11.141482	n/a	depth	I	R	ctx-rh-middletemporal
I11	57.539925	16.508739	-10.184000	n/a	depth	I	R	Unknown
I12	60.833994	15.814234	-9.226518	n/a	depth	I	R	Unknown
A01	17.091912	0.009481	-10.004488	n/a	depth	A	R	Right-Amygdala
A02	20.424328	-0.396170	-9.014310	n/a	depth	A	R	Right-Amygdala
A03	23.756743	-0.801822	-8.024132	n/a	depth	A	R	Right-Amygdala
A04	27.089159	-1.207474	-7.033955	n/a	depth	A	R	Right-Amygdala
A05	30.421575	-1.613125	-6.043777	n/a	depth	A	R	Right-Cerebral-White-Matter
A06	33.753991	-2.018777	-5.053599	n/a	depth	A	R	Right-Cerebral-White-Matter
A07	37.086407	-2.424428	-4.063422	n/a	depth	A	R	ctx-rh-insula
A08	40.418823	-2.830080	-3.073244	n/a	depth	A	R	ctx-rh-insula
A09	43.751238	-3.235731	-2.083066	n/a	depth	A	R	Right-Cerebral-White-Matter
A10	47.083654	-3.641383	-1.092889	n/a	depth	A	R	Right-Cerebral-White-Matter
A11	50.416070	-4.047035	-0.102711	n/a	depth	A	R	Right-Cerebral-White-Matter
A12	53.748486	-4.452686	0.887467	n/a	depth	A	R	Right-Cerebral-White-Matter
A13	57.080902	-4.858338	1.877644	n/a	depth	A	R	ctx-rh-superiortemporal
A14	60.413318	-5.263989	2.867822	n/a	depth	A	R	ctx-rh-superiortemporal
A15	63.745733	-5.669641	3.858000	n/a	depth	A	R	Unknown
B01	21.596208	-2.551990	-25.989339	n/a	depth	B	R	ctx-rh-entorhinal
B02	25.027636	-2.340834	-25.333046	n/a	depth	B	R	Right-Cerebral-White-Matter
B03	28.459063	-2.129678	-24.676754	n/a	depth	B	R	Right-Cerebral-White-Matter
B04	31.890490	-1.918522	-24.020461	n/a	depth	B	R	ctx-rh-entorhinal
B05	35.321918	-1.707366	-23.364169	n/a	depth	B	R	ctx-rh-fusiform
B06	38.753345	-1.496210	-22.707876	n/a	depth	B	R	Right-Cerebral-White-Matter
B07	42.184772	-1.285054	-22.051584	n/a	depth	B	R	ctx-rh-inferiortemporal
B08	45.616200	-1.073898	-21.395291	n/a	depth	B	R	Right-Cerebral-White-Matter
B09	49.047627	-0.862742	-20.738999	n/a	depth	B	R	ctx-rh-inferiortemporal
B10	52.479054	-0.651586	-20.082706	n/a	depth	B	R	ctx-rh-middletemporal
B11	55.910482	-0.440430	-19.426413	n/a	depth	B	R	Right-Cerebral-White-Matter
B12	59.341909	-0.229274	-18.770121	n/a	depth	B	R	ctx-rh-middletemporal
B13	62.773336	-0.018118	-18.113828	n/a	depth	B	R	Unknown
B14	66.204764	0.193038	-17.457536	n/a	depth	B	R	Unknown
B15	69.636191	0.404194	-16.801243	n/a	depth	B	R	Unknown
F01	28.283823	-22.542352	-18.890025	n/a	depth	F	R	Unknown
F02	31.636828	-23.065270	-18.033339	n/a	depth	F	R	ctx-rh-parahippocampal
F03	34.989834	-23.588189	-17.176652	n/a	depth	F	R	Right-Cerebral-White-Matter
F04	38.342839	-24.111107	-16.319966	n/a	depth	F	R	Right-Cerebral-White-Matter
F05	41.695844	-24.634026	-15.463280	n/a	depth	F	R	ctx-rh-inferiortemporal
F06	45.048850	-25.156945	-14.606593	n/a	depth	F	R	Right-Cerebral-White-Matter
F07	48.401855	-25.679863	-13.749907	n/a	depth	F	R	Right-Cerebral-White-Matter
F08	51.754860	-26.202782	-12.893220	n/a	depth	F	R	ctx-rh-middletemporal
F09	55.107866	-26.725700	-12.036534	n/a	depth	F	R	ctx-rh-middletemporal
F10	58.460871	-27.248619	-11.179847	n/a	depth	F	R	ctx-rh-middletemporal
F11	61.813876	-27.771538	-10.323161	n/a	depth	F	R	Right-Cerebral-White-Matter
F12	65.166882	-28.294456	-9.466475	n/a	depth	F	R	ctx-rh-middletemporal
F13	68.519887	-28.817375	-8.609788	n/a	depth	F	R	Unknown
F14	71.872892	-29.340294	-7.753102	n/a	depth	F	R	Unknown
F15	75.225898	-29.863212	-6.896415	n/a	depth	F	R	Unknown
L01	23.635577	-36.841065	-14.945301	n/a	depth	L	R	ctx-rh-lingual
L02	26.492818	-38.115092	-13.375897	n/a	depth	L	R	ctx-rh-lingual
L03	29.350059	-39.389119	-11.806492	n/a	depth	L	R	Right-Cerebral-White-Matter
L04	32.207300	-40.663146	-10.237088	n/a	depth	L	R	Right-Cerebral-White-Matter
L05	35.064541	-41.937173	-8.667684	n/a	depth	L	R	ctx-rh-inferiortemporal
L06	37.921782	-43.211199	-7.098280	n/a	depth	L	R	Right-Cerebral-White-Matter
L07	40.779023	-44.485226	-5.528876	n/a	depth	L	R	Right-Cerebral-White-Matter
L08	43.636264	-45.759253	-3.959472	n/a	depth	L	R	Right-Cerebral-White-Matter
L09	46.493505	-47.033280	-2.390068	n/a	depth	L	R	Right-Cerebral-White-Matter
L10	49.350746	-48.307307	-0.820664	n/a	depth	L	R	Right-Cerebral-White-Matter
L11	52.207987	-49.581334	0.748740	n/a	depth	L	R	ctx-rh-inferiorparietal
L12	55.065228	-50.855360	2.318144	n/a	depth	L	R	ctx-rh-inferiorparietal
L13	57.922469	-52.129387	3.887548	n/a	depth	L	R	ctx-rh-inferiorparietal
L14	60.779710	-53.403414	5.456952	n/a	depth	L	R	ctx-rh-inferiorparietal
L15	63.636951	-54.677441	7.026356	n/a	depth	L	R	Unknown
D01	40.916425	-27.927603	-24.761447	n/a	depth	D	R	Right-Cerebral-White-Matter
D02	39.973395	-29.221519	-21.649137	n/a	depth	D	R	ctx-rh-fusiform
D03	39.030364	-30.515436	-18.536828	n/a	depth	D	R	ctx-rh-fusiform
D04	38.087334	-31.809352	-15.424518	n/a	depth	D	R	ctx-rh-fusiform
D05	37.144303	-33.103269	-12.312208	n/a	depth	D	R	Right-Cerebral-White-Matter
D06	36.201273	-34.397185	-9.199898	n/a	depth	D	R	Right-Cerebral-White-Matter
D07	35.258242	-35.691102	-6.087588	n/a	depth	D	R	Right-Cerebral-White-Matter
D08	34.315212	-36.985018	-2.975278	n/a	depth	D	R	Right-Cerebral-White-Matter
D09	33.372181	-38.278935	0.137031	n/a	depth	D	R	Right-Cerebral-White-Matter
D10	32.429151	-39.572851	3.249341	n/a	depth	D	R	Right-Cerebral-White-Matter
D11	31.486120	-40.866768	6.361651	n/a	depth	D	R	Right-Cerebral-White-Matter
D12	30.543090	-42.160684	9.473961	n/a	depth	D	R	Right-Cerebral-White-Matter
D13	29.600059	-43.454601	12.586271	n/a	depth	D	R	Right-Cerebral-White-Matter
D14	28.657029	-44.748517	15.698581	n/a	depth	D	R	Right-Cerebral-White-Matter
D15	27.713998	-46.042434	18.810890	n/a	depth	D	R	Right-Cerebral-White-Matter
D16	26.770968	-47.336350	21.923200	n/a	depth	D	R	Right-Cerebral-White-Matter
D17	25.827937	-48.630267	25.035510	n/a	depth	D	R	Right-Cerebral-White-Matter
D18	24.884907	-49.924183	28.147820	n/a	depth	D	R	Right-Cerebral-White-Matter
Q01	2.259083	-53.165744	19.590510	n/a	depth	Q	R	ctx-rh-isthmuscingulate
Q02	5.743582	-52.839159	19.630603	n/a	depth	Q	R	Right-Cerebral-White-Matter
Q03	9.228081	-52.512574	19.670697	n/a	depth	Q	R	ctx-rh-precuneus
Q04	12.712581	-52.185990	19.710791	n/a	depth	Q	R	Right-Cerebral-White-Matter
Q05	16.197080	-51.859405	19.750885	n/a	depth	Q	R	Right-Cerebral-White-Matter
Q06	19.681579	-51.532820	19.790979	n/a	depth	Q	R	Right-Cerebral-White-Matter
Q07	23.166078	-51.206235	19.831073	n/a	depth	Q	R	Right-Cerebral-White-Matter
Q08	26.650578	-50.879650	19.871166	n/a	depth	Q	R	Right-Cerebral-White-Matter
Q09	30.135077	-50.553066	19.911260	n/a	depth	Q	R	Right-Cerebral-White-Matter
Q10	33.619576	-50.226481	19.951354	n/a	depth	Q	R	Right-Cerebral-White-Matter
Q11	37.104076	-49.899896	19.991448	n/a	depth	Q	R	Right-Cerebral-White-Matter
Q12	40.588575	-49.573311	20.031542	n/a	depth	Q	R	Right-Cerebral-White-Matter
Q13	44.073074	-49.246727	20.071635	n/a	depth	Q	R	Right-Cerebral-White-Matter
Q14	47.557573	-48.920142	20.111729	n/a	depth	Q	R	Right-Cerebral-White-Matter
Q15	51.042073	-48.593557	20.151823	n/a	depth	Q	R	Right-Cerebral-White-Matter
Q16	54.526572	-48.266972	20.191917	n/a	depth	Q	R	ctx-rh-inferiorparietal
Q17	58.011071	-47.940387	20.232011	n/a	depth	Q	R	Right-Cerebral-White-Matter
Q18	61.495571	-47.613803	20.272105	n/a	depth	Q	R	ctx-rh-inferiorparietal
K01	2.789731	-63.855032	-4.356602	n/a	depth	K	R	ctx-rh-lingual
K02	6.280832	-63.614066	-4.292159	n/a	depth	K	R	Unknown
K03	9.771932	-63.373100	-4.227715	n/a	depth	K	R	ctx-rh-pericalcarine
K04	13.263033	-63.132133	-4.163271	n/a	depth	K	R	Right-Cerebral-White-Matter
K05	16.754133	-62.891167	-4.098827	n/a	depth	K	R	Right-Cerebral-White-Matter
K06	20.245234	-62.650201	-4.034383	n/a	depth	K	R	ctx-rh-pericalcarine
K07	23.736334	-62.409235	-3.969939	n/a	depth	K	R	Right-Cerebral-White-Matter
K08	27.227435	-62.168269	-3.905496	n/a	depth	K	R	Right-Cerebral-White-Matter
K09	30.718535	-61.927303	-3.841052	n/a	depth	K	R	Right-Cerebral-White-Matter
K10	34.209636	-61.686337	-3.776608	n/a	depth	K	R	ctx-rh-lateraloccipital
K11	37.700736	-61.445371	-3.712164	n/a	depth	K	R	Right-Cerebral-White-Matter
K12	41.191837	-61.204405	-3.647720	n/a	depth	K	R	Right-Cerebral-White-Matter
K13	44.682937	-60.963438	-3.583276	n/a	depth	K	R	Right-Cerebral-White-Matter
K14	48.174038	-60.722472	-3.518833	n/a	depth	K	R	Right-Cerebral-White-Matter
K15	51.665138	-60.481506	-3.454389	n/a	depth	K	R	Right-Cerebral-White-Matter
K16	55.156239	-60.240540	-3.389945	n/a	depth	K	R	ctx-rh-lateraloccipital
K17	58.647339	-59.999574	-3.325501	n/a	depth	K	R	Unknown
K18	62.138440	-59.758608	-3.261057	n/a	depth	K	R	Unknown
U01	31.486118	-28.203212	10.293960	n/a	depth	U	R	Right-Cerebral-White-Matter
U02	34.938227	-27.670574	10.072053	n/a	depth	U	R	Right-Cerebral-White-Matter
U03	38.390335	-27.137935	9.850147	n/a	depth	U	R	Right-Cerebral-White-Matter
U04	41.842444	-26.605297	9.628240	n/a	depth	U	R	Right-Cerebral-White-Matter
U05	45.294553	-26.072658	9.406334	n/a	depth	U	R	Right-Cerebral-White-Matter
U06	48.746661	-25.540020	9.184428	n/a	depth	U	R	Right-Cerebral-White-Matter
U07	52.198770	-25.007382	8.962521	n/a	depth	U	R	Right-Cerebral-White-Matter
U08	55.650879	-24.474743	8.740615	n/a	depth	U	R	Right-Cerebral-White-Matter
U09	59.102987	-23.942105	8.518708	n/a	depth	U	R	Right-Cerebral-White-Matter
U10	62.555096	-23.409466	8.296802	n/a	depth	U	R	Right-Cerebral-White-Matter
U11	66.007205	-22.876828	8.074895	n/a	depth	U	R	ctx-rh-superiortemporal
U12	69.459313	-22.344190	7.852989	n/a	depth	U	R	Unknown
X'01	-30.986831	16.440507	0.163511	n/a	depth	X'	L	ctx-lh-insula
X'02	-31.322260	16.517228	3.646556	n/a	depth	X'	L	Left-Cerebral-White-Matter
X'03	-31.657689	16.593949	7.129601	n/a	depth	X'	L	Left-Cerebral-White-Matter
X'04	-31.993117	16.670669	10.612645	n/a	depth	X'	L	Left-Cerebral-White-Matter
X'05	-32.328546	16.747390	14.095690	n/a	depth	X'	L	Left-Cerebral-White-Matter
X'06	-32.663974	16.824110	17.578735	n/a	depth	X'	L	ctx-lh-insula
X'07	-32.999403	16.900831	21.061779	n/a	depth	X'	L	ctx-lh-parstriangularis
X'08	-33.334832	16.977551	24.544824	n/a	depth	X'	L	Left-Cerebral-White-Matter
X'09	-33.670260	17.054272	28.027869	n/a	depth	X'	L	Left-Cerebral-White-Matter
X'10	-34.005689	17.130993	31.510913	n/a	depth	X'	L	ctx-lh-rostralmiddlefrontal
X'11	-34.341118	17.207713	34.993958	n/a	depth	X'	L	ctx-lh-rostralmiddlefrontal
X'12	-34.676546	17.284434	38.477003	n/a	depth	X'	L	Left-Cerebral-White-Matter
X'13	-35.011975	17.361154	41.960047	n/a	depth	X'	L	Left-Cerebral-White-Matter
X'14	-35.347404	17.437875	45.443092	n/a	depth	X'	L	Left-Cerebral-White-Matter
X'15	-35.682832	17.514595	48.926137	n/a	depth	X'	L	Left-Cerebral-White-Matter
X'16	-36.018261	17.591316	52.409181	n/a	depth	X'	L	Left-Cerebral-White-Matter
X'17	-36.353689	17.668036	55.892226	n/a	depth	X'	L	ctx-lh-rostralmiddlefrontal
X'18	-36.689118	17.744757	59.375271	n/a	depth	X'	L	Unknown
Y'01	-37.312000	6.421789	3.277806	n/a	depth	Y'	L	ctx-lh-insula
Y'02	-36.939114	3.172521	4.524086	n/a	depth	Y'	L	Left-Cerebral-White-Matter
Y'03	-36.566227	-0.076747	5.770366	n/a	depth	Y'	L	Left-Cerebral-White-Matter
Y'04	-36.193341	-3.326015	7.016646	n/a	depth	Y'	L	Left-Cerebral-White-Matter
Y'05	-35.820454	-6.575283	8.262926	n/a	depth	Y'	L	Left-Cerebral-White-Matter
Y'06	-35.447568	-9.824550	9.509206	n/a	depth	Y'	L	Left-Cerebral-White-Matter
Y'07	-35.074681	-13.073818	10.755486	n/a	depth	Y'	L	Left-Cerebral-White-Matter
Y'08	-34.701795	-16.323086	12.001766	n/a	depth	Y'	L	Left-Cerebral-White-Matter
Y'09	-34.328908	-19.572354	13.248046	n/a	depth	Y'	L	Left-Cerebral-White-Matter
Y'10	-33.956022	-22.821622	14.494326	n/a	depth	Y'	L	Left-Cerebral-White-Matter
Y'11	-33.583135	-26.070890	15.740606	n/a	depth	Y'	L	Left-Cerebral-White-Matter
Y'12	-33.210249	-29.320158	16.986886	n/a	depth	Y'	L	Left-Cerebral-White-Matter
Y'13	-32.837363	-32.569426	18.233166	n/a	depth	Y'	L	Left-Cerebral-White-Matter
Y'14	-32.464476	-35.818694	19.479446	n/a	depth	Y'	L	Left-Cerebral-White-Matter
Y'15	-32.091590	-39.067962	20.725726	n/a	depth	Y'	L	Left-Cerebral-White-Matter
Y'16	-31.718703	-42.317229	21.972006	n/a	depth	Y'	L	Left-Cerebral-White-Matter
Y'17	-31.345817	-45.566497	23.218286	n/a	depth	Y'	L	Left-Cerebral-White-Matter
Y'18	-30.972930	-48.815765	24.464567	n/a	depth	Y'	L	Left-Cerebral-White-Matter
F'01	-29.606182	-30.182874	-17.027634	n/a	depth	F'	L	Unknown
F'02	-33.074036	-30.129187	-16.557414	n/a	depth	F'	L	ctx-lh-fusiform
F'03	-36.541890	-30.075499	-16.087194	n/a	depth	F'	L	Left-Cerebral-White-Matter
F'04	-40.009744	-30.021812	-15.616974	n/a	depth	F'	L	Left-Cerebral-White-Matter
F'05	-43.477598	-29.968125	-15.146754	n/a	depth	F'	L	Left-Cerebral-White-Matter
F'06	-46.945452	-29.914438	-14.676534	n/a	depth	F'	L	Left-Cerebral-White-Matter
F'07	-50.413306	-29.860750	-14.206314	n/a	depth	F'	L	Left-Cerebral-White-Matter
F'08	-53.881160	-29.807063	-13.736094	n/a	depth	F'	L	Left-Cerebral-White-Matter
F'09	-57.349014	-29.753376	-13.265874	n/a	depth	F'	L	ctx-lh-middletemporal
F'10	-60.816868	-29.699688	-12.795654	n/a	depth	F'	L	Left-Cerebral-White-Matter
F'11	-64.284722	-29.646001	-12.325434	n/a	depth	F'	L	ctx-lh-middletemporal
F'12	-67.752576	-29.592314	-11.855214	n/a	depth	F'	L	Unknown
R01	-0.832982	-69.195454	0.402888	n/a	depth	R	R	ctx-rh-cuneus
R02	2.287588	-70.762822	0.638270	n/a	depth	R	R	ctx-rh-cuneus
R03	5.408157	-72.330189	0.873653	n/a	depth	R	R	Right-Cerebral-White-Matter
R04	8.528727	-73.897556	1.109035	n/a	depth	R	R	Right-Cerebral-White-Matter
R05	11.649297	-75.464924	1.344418	n/a	depth	R	R	Right-Cerebral-White-Matter
R06	14.769866	-77.032291	1.579801	n/a	depth	R	R	Right-Cerebral-White-Matter
R07	17.890436	-78.599659	1.815183	n/a	depth	R	R	Right-Cerebral-White-Matter
R08	21.011006	-80.167026	2.050566	n/a	depth	R	R	Right-Cerebral-White-Matter
R09	24.131575	-81.734393	2.285948	n/a	depth	R	R	Right-Cerebral-White-Matter
R10	27.252145	-83.301761	2.521331	n/a	depth	R	R	ctx-rh-lateraloccipital
R11	30.372715	-84.869128	2.756713	n/a	depth	R	R	ctx-rh-lateraloccipital
R12	33.493284	-86.436495	2.992096	n/a	depth	R	R	Unknown
P01	-1.480130	-45.338682	25.052574	n/a	depth	P	R	ctx-rh-isthmuscingulate
P02	0.724356	-47.401708	26.822931	n/a	depth	P	R	ctx-rh-isthmuscingulate
P03	2.928843	-49.464734	28.593288	n/a	depth	P	R	ctx-rh-precuneus
P04	5.133330	-51.527760	30.363644	n/a	depth	P	R	ctx-rh-precuneus
P05	7.337816	-53.590786	32.134001	n/a	depth	P	R	ctx-rh-precuneus
P06	9.542303	-55.653811	33.904358	n/a	depth	P	R	ctx-rh-precuneus
P07	11.746789	-57.716837	35.674715	n/a	depth	P	R	Right-Cerebral-White-Matter
P08	13.951276	-59.779863	37.445072	n/a	depth	P	R	Right-Cerebral-White-Matter
P09	16.155763	-61.842889	39.215428	n/a	depth	P	R	Right-Cerebral-White-Matter
P10	18.360249	-63.905915	40.985785	n/a	depth	P	R	Right-Cerebral-White-Matter
P11	20.564736	-65.968941	42.756142	n/a	depth	P	R	ctx-rh-superiorparietal
P12	22.769223	-68.031966	44.526499	n/a	depth	P	R	ctx-rh-superiorparietal
P13	24.973709	-70.094992	46.296855	n/a	depth	P	R	ctx-rh-superiorparietal
P14	27.178196	-72.158018	48.067212	n/a	depth	P	R	Unknown
P15	29.382682	-74.221044	49.837569	n/a	depth	P	R	Unknown
C01	20.210264	-18.485020	-14.558706	n/a	depth	C	R	ctx-rh-unknown
C02	23.699817	-18.331259	-14.336492	n/a	depth	C	R	Right-Cerebral-White-Matter
C03	27.189370	-18.177499	-14.114279	n/a	depth	C	R	Right-Hippocampus
C04	30.678922	-18.023738	-13.892065	n/a	depth	C	R	Right-Hippocampus
C05	34.168475	-17.869978	-13.669852	n/a	depth	C	R	Right-Hippocampus
C06	37.658028	-17.716217	-13.447638	n/a	depth	C	R	Right-Hippocampus
C07	41.147581	-17.562457	-13.225425	n/a	depth	C	R	Right-Cerebral-White-Matter
C08	44.637134	-17.408696	-13.003211	n/a	depth	C	R	Right-Cerebral-White-Matter
C09	48.126687	-17.254936	-12.780998	n/a	depth	C	R	Right-Cerebral-White-Matter
C10	51.616240	-17.101175	-12.558785	n/a	depth	C	R	Right-Cerebral-White-Matter
C11	55.105793	-16.947415	-12.336571	n/a	depth	C	R	ctx-rh-middletemporal
C12	58.595345	-16.793654	-12.114358	n/a	depth	C	R	ctx-rh-middletemporal
C13	62.084898	-16.639894	-11.892144	n/a	depth	C	R	ctx-rh-middletemporal
C14	65.574451	-16.486133	-11.669931	n/a	depth	C	R	ctx-rh-middletemporal
C15	69.064004	-16.332373	-11.447717	n/a	depth	C	R	Unknown
S01	20.480048	-36.481203	-7.535106	n/a	depth	S	R	Right-Hippocampus
S02	21.751373	-39.449013	-6.183872	n/a	depth	S	R	Right-Lateral-Ventricle
S03	23.022698	-42.416824	-4.832638	n/a	depth	S	R	Right-Lateral-Ventricle
S04	24.294024	-45.384634	-3.481404	n/a	depth	S	R	Right-Lateral-Ventricle
S05	25.565349	-48.352445	-2.130170	n/a	depth	S	R	Right-Lateral-Ventricle
S06	26.836674	-51.320255	-0.778936	n/a	depth	S	R	Right-Cerebral-White-Matter
S07	28.108000	-54.288065	0.572298	n/a	depth	S	R	Right-Cerebral-White-Matter
S08	29.379325	-57.255876	1.923532	n/a	depth	S	R	Right-Cerebral-White-Matter
S09	30.650650	-60.223686	3.274766	n/a	depth	S	R	Right-Cerebral-White-Matter
S10	31.921976	-63.191497	4.626000	n/a	depth	S	R	Right-Cerebral-White-Matter
S11	33.193301	-66.159307	5.977234	n/a	depth	S	R	ctx-rh-lateraloccipital
S12	34.464626	-69.127118	7.328468	n/a	depth	S	R	ctx-rh-lateraloccipital
S13	35.735951	-72.094928	8.679702	n/a	depth	S	R	Right-Cerebral-White-Matter
S14	37.007277	-75.062739	10.030936	n/a	depth	S	R	Right-Cerebral-White-Matter
S15	38.278602	-78.030549	11.382170	n/a	depth	S	R	ctx-rh-inferiorparietal
S16	39.549927	-80.998359	12.733404	n/a	depth	S	R	Unknown
S17	40.821253	-83.966170	14.084638	n/a	depth	S	R	Unknown
S18	42.092578	-86.933980	15.435872	n/a	depth	S	R	Unknown
